{
    "confidence_score": 0.8482267260551453,
    "ptm": 0.8830867409706116,
    "iptm": 0.8804998993873596,
    "ligand_iptm": 0.0,
    "protein_iptm": 0.8827790021896362,
    "complex_plddt": 0.8401584029197693,
    "complex_iplddt": 0.8891920447349548,
    "complex_pde": 0.669783890247345,
    "complex_ipde": 1.2323909997940063,
    "chains_ptm": {
        "0": 0.7491974234580994,
        "1": 0.7458659410476685,
        "2": 0.8952106237411499,
        "3": 0.908668577671051,
        "4": 0.9209562540054321,
        "5": 0.917431652545929,
        "6": 0.9449006915092468,
        "7": 0.946853756904602,
        "8": 0.9030892252922058,
        "9": 0.9168084263801575
    },
    "pair_chains_iptm": {
        "0": {
            "0": 0.7491974234580994,
            "1": 0.7352445721626282,
            "2": 0.876506507396698,
            "3": 0.8769116997718811,
            "4": 0.8735442757606506,
            "5": 0.8732166290283203,
            "6": 0.8690296411514282,
            "7": 0.869852602481842,
            "8": 0.8777506351470947,
            "9": 0.8784751892089844
        },
        "1": {
            "0": 0.7385358214378357,
            "1": 0.7458659410476685,
            "2": 0.8763707876205444,
            "3": 0.8770955801010132,
            "4": 0.8736398220062256,
            "5": 0.8731971979141235,
            "6": 0.8692944049835205,
            "7": 0.8700073957443237,
            "8": 0.8778600692749023,
            "9": 0.8785591721534729
        },
        "2": {
            "0": 0.7719423770904541,
            "1": 0.7711794972419739,
            "2": 0.8952106237411499,
            "3": 0.8680104613304138,
            "4": 0.8829382658004761,
            "5": 0.8463230133056641,
            "6": 0.8620806932449341,
            "7": 0.8335718512535095,
            "8": 0.8555633425712585,
            "9": 0.8445472717285156
        },
        "3": {
            "0": 0.782664954662323,
            "1": 0.7859346866607666,
            "2": 0.8802792429924011,
            "3": 0.908668577671051,
            "4": 0.8594884872436523,
            "5": 0.8963069319725037,
            "6": 0.846153199672699,
            "7": 0.8780210018157959,
            "8": 0.8588777184486389,
            "9": 0.8719968199729919
        },
        "4": {
            "0": 0.7980651259422302,
            "1": 0.7890839576721191,
            "2": 0.9115357398986816,
            "3": 0.8861951231956482,
            "4": 0.9209562540054321,
            "5": 0.8739015460014343,
            "6": 0.8835299015045166,
            "7": 0.8769178986549377,
            "8": 0.885983407497406,
            "9": 0.8876911401748657
        },
        "5": {
            "0": 0.7899247407913208,
            "1": 0.7978206276893616,
            "2": 0.8844615817070007,
            "3": 0.9088541865348816,
            "4": 0.8734860420227051,
            "5": 0.917431652545929,
            "6": 0.8748540878295898,
            "7": 0.8814189434051514,
            "8": 0.8862374424934387,
            "9": 0.8850310444831848
        },
        "6": {
            "0": 0.7584711909294128,
            "1": 0.7638203501701355,
            "2": 0.911931574344635,
            "3": 0.8957838416099548,
            "4": 0.9110785126686096,
            "5": 0.9064077734947205,
            "6": 0.9449006915092468,
            "7": 0.8932703137397766,
            "8": 0.9333196878433228,
            "9": 0.9036241769790649
        },
        "7": {
            "0": 0.7705026865005493,
            "1": 0.7641811370849609,
            "2": 0.8971067667007446,
            "3": 0.9142263531684875,
            "4": 0.9083132743835449,
            "5": 0.9126824736595154,
            "6": 0.8934125900268555,
            "7": 0.946853756904602,
            "8": 0.9050816297531128,
            "9": 0.9362568855285645
        },
        "8": {
            "0": 0.7416520714759827,
            "1": 0.7399624586105347,
            "2": 0.8591449856758118,
            "3": 0.8467474579811096,
            "4": 0.8704851865768433,
            "5": 0.866516649723053,
            "6": 0.8922615647315979,
            "7": 0.8627224564552307,
            "8": 0.9030892252922058,
            "9": 0.8754590749740601
        },
        "9": {
            "0": 0.7550726532936096,
            "1": 0.7565996646881104,
            "2": 0.8582637310028076,
            "3": 0.8736549615859985,
            "4": 0.8785480260848999,
            "5": 0.8837674856185913,
            "6": 0.8737207651138306,
            "7": 0.9057794809341431,
            "8": 0.8867215514183044,
            "9": 0.9168084263801575
        }
    }
}