{
    "confidence_score": 0.4900693893432617,
    "ptm": 0.3985443413257599,
    "iptm": 0.3783346116542816,
    "ligand_iptm": 0.0,
    "protein_iptm": 0.3939516246318817,
    "complex_plddt": 0.5180031061172485,
    "complex_iplddt": 0.5268421173095703,
    "complex_pde": 4.376343727111816,
    "complex_ipde": 11.499906539916992,
    "chains_ptm": {
        "0": 0.787700891494751,
        "1": 0.7866885662078857,
        "2": 0.7983445525169373,
        "3": 0.7848137617111206,
        "4": 0.8577722311019897,
        "5": 0.8473517298698425,
        "6": 0.8482663035392761,
        "7": 0.8489437103271484,
        "8": 0.8393033146858215,
        "9": 0.8253048658370972,
        "10": 0.82874995470047,
        "11": 0.837765634059906,
        "12": 0.8130811452865601,
        "13": 0.804292619228363,
        "14": 0.8088616132736206,
        "15": 0.8133121132850647,
        "16": 0.322968989610672,
        "17": 0.3218320608139038
    },
    "pair_chains_iptm": {
        "0": {
            "0": 0.787700891494751,
            "1": 0.2862696647644043,
            "2": 0.3089819848537445,
            "3": 0.501670241355896,
            "4": 0.6529000401496887,
            "5": 0.29285645484924316,
            "6": 0.32033976912498474,
            "7": 0.4401359260082245,
            "8": 0.5431217551231384,
            "9": 0.29941582679748535,
            "10": 0.3418296277523041,
            "11": 0.40735751390457153,
            "12": 0.4892197251319885,
            "13": 0.3024258613586426,
            "14": 0.34624427556991577,
            "15": 0.37363648414611816,
            "16": 0.4040857255458832,
            "17": 0.40699905157089233
        },
        "1": {
            "0": 0.29518869519233704,
            "1": 0.7866885662078857,
            "2": 0.5250182747840881,
            "3": 0.3108060956001282,
            "4": 0.2972334027290344,
            "5": 0.6076052784919739,
            "6": 0.43335264921188354,
            "7": 0.31561219692230225,
            "8": 0.30821657180786133,
            "9": 0.4915691316127777,
            "10": 0.37297120690345764,
            "11": 0.32885050773620605,
            "12": 0.31351757049560547,
            "13": 0.44404473900794983,
            "14": 0.34769725799560547,
            "15": 0.330119252204895,
            "16": 0.3660273551940918,
            "17": 0.3595764636993408
        },
        "2": {
            "0": 0.3119790256023407,
            "1": 0.5349633693695068,
            "2": 0.7983445525169373,
            "3": 0.2888908386230469,
            "4": 0.3141104578971863,
            "5": 0.42551136016845703,
            "6": 0.6407462954521179,
            "7": 0.290213018655777,
            "8": 0.35843518376350403,
            "9": 0.3642163574695587,
            "10": 0.5094301104545593,
            "11": 0.29066866636276245,
            "12": 0.36857330799102783,
            "13": 0.33375993371009827,
            "14": 0.4615325331687927,
            "15": 0.2983705401420593,
            "16": 0.4000571370124817,
            "17": 0.4041059613227844
        },
        "3": {
            "0": 0.5100511908531189,
            "1": 0.30696043372154236,
            "2": 0.2900051772594452,
            "3": 0.7848137617111206,
            "4": 0.43310824036598206,
            "5": 0.31841370463371277,
            "6": 0.2914314568042755,
            "7": 0.6809950470924377,
            "8": 0.37652263045310974,
            "9": 0.37086233496665955,
            "10": 0.29352521896362305,
            "11": 0.588402509689331,
            "12": 0.3424699604511261,
            "13": 0.38622021675109863,
            "14": 0.296931654214859,
            "15": 0.5593393445014954,
            "16": 0.371519535779953,
            "17": 0.37766534090042114
        },
        "4": {
            "0": 0.6997661590576172,
            "1": 0.29975277185440063,
            "2": 0.33474379777908325,
            "3": 0.47915735840797424,
            "4": 0.8577722311019897,
            "5": 0.31368696689605713,
            "6": 0.35918447375297546,
            "7": 0.414299875497818,
            "8": 0.5626441240310669,
            "9": 0.3103967010974884,
            "10": 0.39816614985466003,
            "11": 0.3919498324394226,
            "12": 0.5305731296539307,
            "13": 0.31676968932151794,
            "14": 0.415332555770874,
            "15": 0.3907478451728821,
            "16": 0.41601869463920593,
            "17": 0.40716552734375
        },
        "5": {
            "0": 0.3057810068130493,
            "1": 0.6479182243347168,
            "2": 0.4672129452228546,
            "3": 0.34429892897605896,
            "4": 0.3171983063220978,
            "5": 0.8473517298698425,
            "6": 0.4110502004623413,
            "7": 0.3542322516441345,
            "8": 0.3178179860115051,
            "9": 0.5172972679138184,
            "10": 0.3666359484195709,
            "11": 0.3968711495399475,
            "12": 0.32585012912750244,
            "13": 0.4980064034461975,
            "14": 0.3712867498397827,
            "15": 0.4003916382789612,
            "16": 0.37053829431533813,
            "17": 0.3721708655357361
        },
        "6": {
            "0": 0.3369504511356354,
            "1": 0.47537294030189514,
            "2": 0.663648247718811,
            "3": 0.29896628856658936,
            "4": 0.3590012192726135,
            "5": 0.40599989891052246,
            "6": 0.8482663035392761,
            "7": 0.31157177686691284,
            "8": 0.43586641550064087,
            "9": 0.35606154799461365,
            "10": 0.5300523042678833,
            "11": 0.3014968931674957,
            "12": 0.4560334086418152,
            "13": 0.34560590982437134,
            "14": 0.518613338470459,
            "15": 0.30644550919532776,
            "16": 0.38621392846107483,
            "17": 0.3867466449737549
        },
        "7": {
            "0": 0.4792611598968506,
            "1": 0.32898733019828796,
            "2": 0.301088809967041,
            "3": 0.7303401827812195,
            "4": 0.4094110131263733,
            "5": 0.3518781065940857,
            "6": 0.30935439467430115,
            "7": 0.8489437103271484,
            "8": 0.3661724925041199,
            "9": 0.44212237000465393,
            "10": 0.30325910449028015,
            "11": 0.6165628433227539,
            "12": 0.3564426898956299,
            "13": 0.4611310064792633,
            "14": 0.3099636435508728,
            "15": 0.6071268916130066,
            "16": 0.37230998277664185,
            "17": 0.37589168548583984
        },
        "8": {
            "0": 0.5456042289733887,
            "1": 0.30993303656578064,
            "2": 0.37227386236190796,
            "3": 0.38105279207229614,
            "4": 0.5455164313316345,
            "5": 0.31325674057006836,
            "6": 0.426252543926239,
            "7": 0.3538484573364258,
            "8": 0.8393033146858215,
            "9": 0.28805431723594666,
            "10": 0.45642977952957153,
            "11": 0.3208952844142914,
            "12": 0.6610528230667114,
            "13": 0.2952243685722351,
            "14": 0.4343201816082001,
            "15": 0.3266700804233551,
            "16": 0.3628903329372406,
            "17": 0.36598435044288635
        },
        "9": {
            "0": 0.31058722734451294,
            "1": 0.4973013699054718,
            "2": 0.36927086114883423,
            "3": 0.38447001576423645,
            "4": 0.3101446032524109,
            "5": 0.5082420110702515,
            "6": 0.34516727924346924,
            "7": 0.42923712730407715,
            "8": 0.292154997587204,
            "9": 0.8253048658370972,
            "10": 0.3164891004562378,
            "11": 0.43591833114624023,
            "12": 0.29494503140449524,
            "13": 0.5919215083122253,
            "14": 0.31589511036872864,
            "15": 0.4146902859210968,
            "16": 0.3423480987548828,